date,open,high,low,close,volume,oi
2020-01-27 09:15:00+05:30,12197.1,12216.55,12107.05,12109.9,0,0
2020-01-28 09:15:00+05:30,12148.1,12162.85,12025.8,12061.95,0,0
2020-01-29 09:15:00+05:30,12114.9,12169.4,12104.0,12132.0,0,0
2020-01-30 09:15:00+05:30,12147.75,12148.7,12011.0,12023.8,0,0
2020-01-31 09:15:00+05:30,12100.4,12100.55,11946.15,11966.45,0,0
2020-02-03 09:15:00+05:30,11627.45,11749.85,11615.75,11724.6,0,0
2020-02-04 09:15:00+05:30,11786.25,11985.6,11786.25,11981.3,0,0
2020-02-05 09:15:00+05:30,12005.85,12097.7,11954.05,12091.95,0,0
2020-02-06 09:15:00+05:30,12120.0,12160.45,12085.0,12133.25,0,0
2020-02-07 09:15:00+05:30,12151.15,12151.15,12074.0,12086.6,0,0
2020-02-10 09:15:00+05:30,12102.35,12102.4,11990.8,12035.3,0,0
2020-02-11 09:15:00+05:30,12108.4,12172.0,12099.3,12110.45,0,0
2020-02-12 09:15:00+05:30,12151.0,12231.55,12145.05,12203.9,0,0
2020-02-13 09:15:00+05:30,12219.55,12219.65,12140.0,12168.95,0,0
2020-02-14 09:15:00+05:30,12190.15,12246.5,12091.65,12113.35,0,0
2020-02-17 09:15:00+05:30,12131.8,12159.35,12037.2,12050.15,0,0
2020-02-18 09:15:00+05:30,12028.25,12028.9,11908.3,12008.05,0,0
2020-02-19 09:15:00+05:30,12090.6,12134.25,12042.2,12130.95,0,0
2020-02-20 09:15:00+05:30,12119.0,12151.2,12071.9,12083.1,0,0
2020-02-24 09:15:00+05:30,12012.55,12012.55,11813.6,11835.85,0,0
2020-02-25 09:15:00+05:30,11877.5,11882.9,11780.0,11814.35,0,0
2020-02-26 09:15:00+05:30,11738.55,11782.6,11640.3,11677.35,0,0
2020-02-27 09:15:00+05:30,11661.25,11661.25,11536.95,11619.95,0,0
2020-02-28 09:15:00+05:30,11382.0,11382.0,11175.6,11217.4,0,0
2020-03-02 09:15:00+05:30,11387.35,11432.8,11036.7,11149.2,0,0
2020-03-03 09:15:00+05:30,11217.55,11341.7,11152.75,11329.15,0,0
2020-03-04 09:15:00+05:30,11351.35,11354.95,11083.25,11256.3,0,0
2020-03-05 09:15:00+05:30,11306.05,11388.15,11244.85,11258.0,0,0
2020-03-06 09:15:00+05:30,10942.65,11034.5,10831.3,10981.0,0,0
2020-03-09 09:15:00+05:30,10742.05,10743.7,10295.25,10457.6,0,0
2020-03-11 09:15:00+05:30,10334.3,10544.75,10334.3,10454.1,0,0
2020-03-12 09:15:00+05:30,10039.95,10039.95,9508.4,9630.65,0,0
2020-03-13 09:15:00+05:30,9107.6,10156.85,8476.15,10020.45,0,0
2020-03-16 09:15:00+05:30,9587.8,9601.75,9165.35,9200.05,0,0
2020-03-17 09:15:00+05:30,9285.4,9403.6,8916.7,8965.3,0,0
2020-03-18 09:15:00+05:30,9088.45,9125.9,8408.85,8539.3,0,0
2020-03-19 09:15:00+05:30,8063.3,8574.55,7834.6,8267.9,0,0
2020-03-20 09:15:00+05:30,8284.45,8882.6,8178.4,8744.35,0,0
2020-03-23 09:15:00+05:30,7945.7,8355.55,7584.5,7636.65,0,0
2020-03-24 09:15:00+05:30,7848.3,8033.8,7512.25,7852.45,0,0
2020-03-25 09:15:00+05:30,7735.15,8375.65,7714.95,8300.45,0,0
2020-03-26 09:15:00+05:30,8451.0,8748.15,8309.95,8653.5,0,0
2020-03-27 09:15:00+05:30,8949.1,9038.5,8523.7,8673.5,0,0
2020-03-30 09:15:00+05:30,8385.95,8575.25,8244.45,8291.7,0,0
2020-03-31 09:15:00+05:30,8529.35,8677.55,8358.75,8556.15,0,0
2020-04-01 09:15:00+05:30,8584.1,8587.6,8199.7,8262.65,0,0
2020-04-03 09:15:00+05:30,8356.55,8356.55,8056.2,8106.45,0,0
2020-04-07 09:15:00+05:30,8446.3,8818.25,8361.95,8779.3,0,0
2020-04-08 09:15:00+05:30,8688.9,9130.5,8658.35,8752.4,0,0
2020-04-09 09:15:00+05:30,8973.05,9127.85,8904.75,9098.55,0,0
2020-04-13 09:15:00+05:30,9103.95,9111.55,8912.9,9006.65,0,0
2020-04-15 09:15:00+05:30,9196.4,9260.55,8874.5,8942.6,0,0
2020-04-16 09:15:00+05:30,8851.25,9053.0,8823.2,9016.6,0,0
2020-04-17 09:15:00+05:30,9323.45,9323.45,9092.1,9291.35,0,0
2020-04-20 09:15:00+05:30,9390.2,9390.2,9231.05,9262.0,0,0
2020-04-21 09:15:00+05:30,9016.95,9044.0,8910.45,8981.1,0,0
2020-04-22 09:15:00+05:30,9026.75,9209.5,8946.65,9193.35,0,0
2020-04-23 09:15:00+05:30,9232.35,9343.15,9171.5,9302.9,0,0
2020-04-24 09:15:00+05:30,9163.9,9296.1,9142.25,9174.0,0,0
2020-04-27 09:15:00+05:30,9259.7,9376.45,9259.2,9289.6,0,0
2020-04-28 09:15:00+05:30,9389.8,9403.1,9260.3,9401.7,0,0
2020-04-29 09:15:00+05:30,9408.6,9599.3,9396.1,9536.8,0,0
2020-04-30 09:15:00+05:30,9753.5,9889.05,9734.3,9851.85,0,0
2020-05-04 09:15:00+05:30,9533.5,9533.5,9267.4,9305.7,0,0
2020-05-05 09:15:00+05:30,9429.4,9450.0,9191.05,9222.9,0,0
2020-05-06 09:15:00+05:30,9226.8,9346.55,9117.35,9287.8,0,0
2020-05-07 09:15:00+05:30,9234.05,9277.3,9178.95,9212.95,0,0
2020-05-08 09:15:00+05:30,9376.95,9380.85,9238.35,9249.5,0,0
2020-05-11 09:15:00+05:30,9348.15,9439.5,9220.45,9247.2,0,0
2020-05-12 09:15:00+05:30,9168.85,9240.35,9044.1,9209.65,0,0
2020-05-13 09:15:00+05:30,9584.2,9584.2,9351.45,9383.25,0,0
2020-05-14 09:15:00+05:30,9213.95,9280.65,9120.25,9150.2,0,0
2020-05-15 09:15:00+05:30,9182.4,9182.4,9050.1,9128.95,0,0
2020-05-18 09:15:00+05:30,9158.3,9158.3,8807.5,8830.4,0,0
2020-05-19 09:15:00+05:30,8961.7,9029.9,8855.95,8890.55,0,0
2020-05-20 09:15:00+05:30,8889.15,9092.7,8877.4,9085.15,0,0
2020-05-21 09:15:00+05:30,9079.45,9177.8,9056.6,9102.2,0,0
2020-05-22 09:15:00+05:30,9067.9,9148.85,8969.2,9051.5,0,0
2020-05-26 09:15:00+05:30,9099.75,9160.85,8997.0,9046.1,0,0
2020-05-27 09:15:00+05:30,9082.2,9333.35,9004.7,9317.4,0,0
2020-05-28 09:15:00+05:30,9364.95,9509.5,9338.95,9488.0,0,0
2020-05-29 09:15:00+05:30,9422.2,9597.75,9377.9,9568.45,0,0
2020-06-01 09:15:00+05:30,9726.85,9930.8,9712.4,9812.2,0,0
2020-06-02 09:15:00+05:30,9880.85,9995.45,9824.65,9995.1,0,0
2020-06-03 09:15:00+05:30,10108.3,10175.7,10035.85,10068.05,0,0
2020-06-04 09:15:00+05:30,10054.25,10123.65,9944.6,10030.75,0,0
2020-06-05 09:15:00+05:30,10093.8,10177.4,10041.25,10168.2,0,0
2020-06-08 09:15:00+05:30,10326.75,10327.65,10121.1,10175.25,0,0
2020-06-09 09:15:00+05:30,10181.15,10291.1,10022.65,10026.25,0,0
2020-06-10 09:15:00+05:30,10072.6,10147.65,10036.9,10139.4,0,0
2020-06-11 09:15:00+05:30,10094.1,10111.65,9886.0,9910.15,0,0
2020-06-12 09:15:00+05:30,9544.95,9995.7,9544.95,9958.15,0,0
2020-06-15 09:15:00+05:30,9919.35,9942.5,9726.9,9818.05,0,0
2020-06-16 09:15:00+05:30,10014.8,10045.5,9729.0,9900.8,0,0
2020-06-17 09:15:00+05:30,9876.7,10002.9,9834.4,9876.85,0,0
2020-06-18 09:15:00+05:30,9863.25,10110.6,9850.25,10091.25,0,0
2020-06-19 09:15:00+05:30,10119.0,10272.1,10073.05,10254.05,0,0
2020-06-22 09:15:00+05:30,10318.75,10393.35,10277.95,10324.7,0,0
2020-06-23 09:15:00+05:30,10347.95,10484.2,10302.25,10482.75,0,0
2020-06-24 09:15:00+05:30,10529.25,10552.75,10282.2,10320.05,0,0
2020-06-25 09:15:00+05:30,10235.55,10361.15,10195.6,10284.35,0,0
2020-06-26 09:15:00+05:30,10378.9,10409.3,10312.4,10400.85,0,0
2020-06-29 09:15:00+05:30,10311.95,10337.25,10223.95,10315.1,0,0
2020-06-30 09:15:00+05:30,10382.6,10400.7,10267.75,10307.35,0,0
2020-07-01 09:15:00+05:30,10323.8,10446.65,10299.8,10419.45,0,0
2020-07-02 09:15:00+05:30,10493.05,10597.25,10490.1,10563.6,0,0
2020-07-03 09:15:00+05:30,10614.95,10630.8,10563.05,10602.7,0,0
2020-07-06 09:15:00+05:30,10723.85,10810.75,10695.95,10770.05,0,0
2020-07-07 09:15:00+05:30,10802.85,10813.35,10690.1,10787.5,0,0
2020-07-08 09:15:00+05:30,10818.65,10847.7,10677.5,10696.15,0,0
2020-07-09 09:15:00+05:30,10755.55,10836.5,10733.6,10833.45,0,0
2020-07-10 09:15:00+05:30,10764.1,10818.95,10713.0,10771.2,0,0
2020-07-13 09:15:00+05:30,10851.85,10893.45,10756.35,10814.75,0,0
2020-07-14 09:15:00+05:30,10750.85,10750.85,10563.25,10610.15,0,0
2020-07-15 09:15:00+05:30,10701.0,10826.75,10578.85,10637.9,0,0
2020-07-16 09:15:00+05:30,10706.2,10754.35,10595.95,10728.05,0,0
2020-07-17 09:15:00+05:30,10752.0,10932.15,10752.0,10930.8,0,0
2020-07-20 09:15:00+05:30,10999.45,11037.5,10953.4,11027.55,0,0
2020-07-21 09:15:00+05:30,11126.1,11179.1,11113.4,11173.1,0,0
2020-07-22 09:15:00+05:30,11231.2,11231.2,11057.25,11143.65,0,0
2020-07-23 09:15:00+05:30,11135.0,11238.8,11105.1,11234.6,0,0
2020-07-24 09:15:00+05:30,11149.95,11224.25,11090.7,11197.95,0,0
2020-07-27 09:15:00+05:30,11225.0,11225.0,11089.25,11124.5,0,0
2020-07-28 09:15:00+05:30,11154.1,11317.75,11154.1,11292.0,0,0
2020-07-29 09:15:00+05:30,11276.9,11341.05,11150.75,11197.2,0,0
2020-07-30 09:15:00+05:30,11254.3,11299.25,11086.65,11095.15,0,0
2020-07-31 09:15:00+05:30,11139.5,11150.05,11027.0,11090.15,0,0
2020-08-03 09:15:00+05:30,11057.55,11057.55,10882.35,10900.0,0,0
2020-08-04 09:15:00+05:30,10946.65,11110.5,10908.4,11102.5,0,0
2020-08-05 09:15:00+05:30,11155.75,11224.95,11064.9,11119.9,0,0
2020-08-06 09:15:00+05:30,11185.7,11256.15,11130.4,11206.8,0,0
2020-08-07 09:15:00+05:30,11186.65,11231.85,11145.2,11216.9,0,0
2020-08-10 09:15:00+05:30,11270.25,11336.85,11238.35,11274.65,0,0
2020-08-11 09:15:00+05:30,11322.25,11372.85,11299.25,11332.0,0,0
2020-08-12 09:15:00+05:30,11289.0,11321.85,11243.45,11310.75,0,0
2020-08-13 09:15:00+05:30,11334.85,11359.25,11270.6,11312.2,0,0
2020-08-14 09:15:00+05:30,11353.3,11366.1,11112.3,11183.05,0,0
2020-08-17 09:15:00+05:30,11248.9,11266.95,11145.35,11259.65,0,0
2020-08-18 09:15:00+05:30,11259.8,11401.15,11255.4,11391.2,0,0
2020-08-19 09:15:00+05:30,11452.15,11458.6,11394.45,11421.35,0,0
2020-08-20 09:15:00+05:30,11317.45,11359.1,11290.15,11308.3,0,0
2020-08-21 09:15:00+05:30,11409.65,11417.95,11362.4,11378.4,0,0
2020-08-24 09:15:00+05:30,11412.0,11496.6,11412.0,11472.9,0,0
2020-08-25 09:15:00+05:30,11513.1,11525.55,11423.6,11479.35,0,0
2020-08-26 09:15:00+05:30,11512.85,11561.05,11462.35,11551.7,0,0
2020-08-27 09:15:00+05:30,11609.3,11616.5,11542.05,11571.5,0,0
2020-08-28 09:15:00+05:30,11602.95,11686.05,11592.5,11657.1,0,0
2020-08-31 09:15:00+05:30,11777.55,11794.15,11326.6,11341.05,0,0
2020-09-01 09:15:00+05:30,11464.3,11553.05,11367.2,11494.1,0,0
2020-09-02 09:15:00+05:30,11478.55,11554.15,11430.7,11543.1,0,0
2020-09-03 09:15:00+05:30,11566.2,11584.55,11508.3,11535.7,0,0
2020-09-04 09:15:00+05:30,11354.4,11452.0,11303.8,11358.35,0,0
2020-09-07 09:15:00+05:30,11359.6,11379.95,11252.35,11377.0,0,0
2020-09-08 09:15:00+05:30,11378.55,11436.45,11291.65,11294.3,0,0
2020-09-09 09:15:00+05:30,11218.6,11297.85,11185.3,11285.75,0,0
2020-09-10 09:15:00+05:30,11363.3,11463.05,11329.7,11454.35,0,0
2020-09-11 09:15:00+05:30,11447.8,11492.7,11420.25,11454.85,0,0
2020-09-14 09:15:00+05:30,11540.15,11566.25,11383.75,11422.1,0,0
2020-09-15 09:15:00+05:30,11487.2,11535.2,11442.65,11532.15,0,0
2020-09-16 09:15:00+05:30,11538.45,11617.6,11520.15,11600.05,0,0
2020-09-17 09:15:00+05:30,11539.4,11586.65,11498.9,11519.25,0,0
2020-09-18 09:15:00+05:30,11584.1,11584.1,11446.8,11515.95,0,0
2020-09-21 09:15:00+05:30,11503.8,11534.75,11219.9,11221.65,0,0
2020-09-22 09:15:00+05:30,11301.75,11301.75,11085.7,11175.5,0,0
2020-09-23 09:15:00+05:30,11258.75,11258.75,11025.1,11135.9,0,0
2020-09-24 09:15:00+05:30,11011.0,11014.15,10790.85,10821.35,0,0
2020-09-25 09:15:00+05:30,10910.4,11072.2,10856.2,11035.8,0,0
2020-09-28 09:15:00+05:30,11140.85,11238.8,11100.5,11238.35,0,0
2020-09-29 09:15:00+05:30,11288.6,11304.8,11181.55,11222.65,0,0
2020-09-30 09:15:00+05:30,11244.45,11295.2,11184.75,11226.3,0,0
2020-10-01 09:15:00+05:30,11364.45,11428.3,11350.6,11422.4,0,0
2020-10-05 09:15:00+05:30,11487.8,11576.85,11452.75,11508.45,0,0
2020-10-06 09:15:00+05:30,11603.45,11679.4,11565.4,11660.4,0,0
2020-10-07 09:15:00+05:30,11679.25,11762.35,11631.0,11748.7,0,0
2020-10-08 09:15:00+05:30,11835.4,11905.5,11791.7,11833.15,0,0
2020-10-09 09:15:00+05:30,11852.05,11938.0,11806.15,11938.0,0,0
2020-10-12 09:15:00+05:30,11973.55,12020.6,11867.2,11936.2,0,0
2020-10-13 09:15:00+05:30,11934.65,11987.85,11891.8,11925.25,0,0
2020-10-14 09:15:00+05:30,11917.4,11996.3,11822.3,11966.45,0,0
2020-10-15 09:15:00+05:30,12023.45,12023.45,11662.15,11672.55,0,0
2020-10-16 09:15:00+05:30,11727.4,11787.95,11668.45,11770.25,0,0
2020-10-19 09:15:00+05:30,11879.2,11897.6,11820.95,11878.6,0,0
2020-10-20 09:15:00+05:30,11861.0,11948.35,11839.4,11898.7,0,0
2020-10-21 09:15:00+05:30,11958.55,12018.1,11776.25,11933.85,0,0
2020-10-22 09:15:00+05:30,11890.0,11938.3,11824.0,11902.25,0,0
2020-10-23 09:15:00+05:30,11957.9,11974.25,11908.85,11929.8,0,0
2020-10-26 09:15:00+05:30,11937.4,11937.4,11711.95,11776.9,0,0
2020-10-27 09:15:00+05:30,11807.1,11898.7,11725.75,11887.8,0,0
2020-10-28 09:15:00+05:30,11922.6,11929.35,11685.45,11727.35,0,0
2020-10-29 09:15:00+05:30,11633.3,11743.9,11606.75,11670.7,0,0
2020-10-30 09:15:00+05:30,11678.45,11748.15,11536.1,11646.45,0,0
2020-11-02 09:15:00+05:30,11697.35,11725.6,11557.75,11652.75,0,0
2020-11-03 09:15:00+05:30,11734.45,11835.1,11729.85,11807.65,0,0
2020-11-04 09:15:00+05:30,11783.35,11929.2,11756.6,11893.65,0,0
2020-11-05 09:15:00+05:30,12062.4,12130.65,12028.4,12127.6,0,0
2020-11-06 09:15:00+05:30,12156.65,12279.9,12134.95,12261.35,0,0
2020-11-09 09:15:00+05:30,12399.4,12472.7,12367.9,12468.15,0,0
2020-11-10 09:15:00+05:30,12556.4,12642.35,12476.7,12640.25,0,0
2020-11-11 09:15:00+05:30,12680.6,12768.85,12571.95,12757.2,0,0
2020-11-12 09:15:00+05:30,12702.15,12740.85,12625.1,12693.0,0,0
2020-11-13 09:15:00+05:30,12659.7,12735.05,12608.3,12723.1,0,0
2020-11-17 09:15:00+05:30,12932.5,12932.5,12797.7,12878.9,0,0
2020-11-18 09:15:00+05:30,12860.1,12948.4,12820.05,12936.1,0,0
2020-11-19 09:15:00+05:30,12839.5,12962.9,12746.45,12760.6,0,0
2020-11-20 09:15:00+05:30,12813.4,12890.95,12730.65,12846.0,0,0
2020-11-23 09:15:00+05:30,12960.3,12967.5,12826.0,12928.15,0,0
2020-11-24 09:15:00+05:30,13002.6,13078.45,12980.45,13075.55,0,0
2020-11-25 09:15:00+05:30,13130.0,13144.65,12834.2,12858.7,0,0
2020-11-26 09:15:00+05:30,12906.45,13017.2,12790.85,13015.05,0,0
2020-11-27 09:15:00+05:30,13012.05,13030.7,12915.65,12942.85,0,0
2020-12-01 09:15:00+05:30,13062.2,13128.2,12963.7,13097.85,0,0
2020-12-02 09:15:00+05:30,13121.4,13127.7,12983.9,13104.15,0,0
2020-12-03 09:15:00+05:30,13215.3,13215.3,13108.25,13136.6,0,0
2020-12-04 09:15:00+05:30,13177.4,13276.9,13152.9,13270.7,0,0
2020-12-07 09:15:00+05:30,13264.85,13366.05,13246.25,13355.2,0,0
2020-12-08 09:15:00+05:30,13393.85,13434.9,13311.6,13389.3,0,0
2020-12-09 09:15:00+05:30,13458.1,13548.55,13453.8,13532.55,0,0
2020-12-10 09:15:00+05:30,13488.5,13503.2,13399.4,13481.55,0,0
2020-12-11 09:15:00+05:30,13512.3,13578.5,13403.25,13505.55,0,0
2020-12-14 09:15:00+05:30,13571.45,13597.4,13473.25,13554.85,0,0
2020-12-15 09:15:00+05:30,13547.2,13588.25,13447.4,13564.5,0,0
2020-12-16 09:15:00+05:30,13663.1,13692.0,13606.5,13672.75,0,0
2020-12-17 09:15:00+05:30,13713.55,13772.8,13678.65,13734.85,0,0
2020-12-18 09:15:00+05:30,13764.4,13771.9,13659.05,13744.1,0,0
2020-12-21 09:15:00+05:30,13741.9,13777.0,13135.1,13283.35,0,0
2020-12-22 09:15:00+05:30,13373.65,13490.8,13193.9,13460.8,0,0
2020-12-23 09:15:00+05:30,13473.5,13618.7,13433.25,13609.15,0,0
2020-12-24 09:15:00+05:30,13672.15,13771.15,13627.4,13740.4,0,0
2020-12-28 09:15:00+05:30,13815.15,13885.3,13812.0,13881.0,0,0
2020-12-29 09:15:00+05:30,13910.35,13967.15,13860.0,13926.9,0,0
2020-12-30 09:15:00+05:30,13980.9,13995.95,13865.6,13975.25,0,0
2020-12-31 09:15:00+05:30,13970.0,14024.4,13941.6,13967.0,0,0
2021-01-01 09:15:00+05:30,13996.1,14049.8,13994.85,14014.8,0,0
2021-01-04 09:15:00+05:30,14104.35,14147.85,13956.6,14143.65,0,0
2021-01-05 09:15:00+05:30,14075.15,14215.2,14049.05,14199.3,0,0
2021-01-06 09:15:00+05:30,14240.95,14241.4,14040.1,14134.05,0,0
2021-01-07 09:15:00+05:30,14253.75,14253.75,14123.65,14148.45,0,0
2021-01-08 09:15:00+05:30,14258.4,14366.85,14224.1,14343.9,0,0
2021-01-11 09:15:00+05:30,14474.05,14496.45,14384.1,14483.05,0,0
2021-01-12 09:15:00+05:30,14473.8,14589.9,14435.95,14574.75,0,0
2021-01-13 09:15:00+05:30,14639.8,14652.7,14436.65,14558.3,0,0
2021-01-14 09:15:00+05:30,14550.05,14617.25,14472.45,14597.5,0,0
2021-01-15 09:15:00+05:30,14594.35,14616.15,14358.8,14434.4,0,0
2021-01-18 09:15:00+05:30,14453.3,14454.9,14224.7,14230.2,0,0
2021-01-19 09:15:00+05:30,14371.65,14545.55,14351.05,14526.6,0,0
2021-01-20 09:15:00+05:30,14538.3,14665.85,14517.55,14622.45,0,0
2021-01-21 09:15:00+05:30,14730.95,14753.4,14519.35,14630.4,0,0
2021-01-22 09:15:00+05:30,14583.4,14619.6,14359.15,14366.8,0,0
2021-01-25 09:15:00+05:30,14477.8,14490.1,14219.4,14247.95,0,0
2021-01-27 09:15:00+05:30,14237.95,14237.95,13929.65,13964.25,0,0
2021-01-28 09:15:00+05:30,13810.4,13897.75,13715.1,13819.75,0,0
2021-01-29 09:15:00+05:30,13946.6,13965.7,13597.85,13660.8,0,0
2021-02-01 09:15:00+05:30,13758.6,14335.45,13662.4,14335.45,0,0
2021-02-02 09:15:00+05:30,14481.1,14730.95,14473.35,14671.2,0,0
2021-02-03 09:15:00+05:30,14754.9,14868.6,14575.35,14783.6,0,0
2021-02-04 09:15:00+05:30,14789.05,14913.0,14714.9,14889.5,0,0
2021-02-05 09:15:00+05:30,14952.6,15014.15,14865.1,14940.85,0,0
2021-02-08 09:15:00+05:30,15064.3,15159.35,15049.7,15129.45,0,0
2021-02-09 09:15:00+05:30,15164.15,15256.1,15065.5,15109.5,0,0
2021-02-10 09:15:00+05:30,15119.05,15168.0,14977.55,15137.8,0,0
2021-02-11 09:15:00+05:30,15073.25,15188.5,15067.35,15176.65,0,0
2021-02-12 09:15:00+05:30,15186.2,15243.1,15081.4,15164.7,0,0
2021-02-15 09:15:00+05:30,15270.3,15338.35,15254.35,15335.8,0,0
2021-02-16 09:15:00+05:30,15371.45,15431.3,15243.35,15317.95,0,0
2021-02-17 09:15:00+05:30,15279.9,15313.5,15171.15,15196.25,0,0
2021-02-18 09:15:00+05:30,15238.7,15249.95,15078.75,15120.2,0,0
2021-02-19 09:15:00+05:30,15074.8,15143.0,14898.4,15003.45,0,0
2021-02-22 09:15:00+05:30,14999.05,15009.7,14636.1,14640.9,0,0
2021-02-23 09:15:00+05:30,14782.25,14853.6,14653.05,14717.8,0,0
2021-02-24 09:15:00+05:30,14729.15,14821.95,14729.15,14820.45,0,0
2021-02-25 09:15:00+05:30,15079.85,15173.75,15071.25,15103.8,0,0
2021-02-26 09:15:00+05:30,14888.6,14919.05,14468.55,14523.15,0,0
2021-03-01 09:15:00+05:30,14702.5,14806.65,14638.9,14784.15,0,0
2021-03-02 09:15:00+05:30,14865.3,14958.95,14761.05,14941.8,0,0
2021-03-03 09:15:00+05:30,15064.4,15271.0,14996.75,15240.5,0,0
2021-03-04 09:15:00+05:30,15026.75,15201.9,14980.25,15087.15,0,0
2021-03-05 09:15:00+05:30,14977.95,15090.95,14862.6,14963.15,0,0
2021-03-08 09:15:00+05:30,15002.45,15110.25,14921.05,14962.85,0,0
2021-03-09 09:15:00+05:30,15049.9,15124.1,14926.1,15098.7,0,0
2021-03-10 09:15:00+05:30,15202.15,15216.75,15101.5,15168.15,0,0
2021-03-12 09:15:00+05:30,15321.15,15332.6,14954.85,15023.95,0,0
2021-03-15 09:15:00+05:30,15048.4,15048.4,14745.95,14920.9,0,0
2021-03-16 09:15:00+05:30,14996.1,15051.15,14890.7,14922.0,0,0
2021-03-17 09:15:00+05:30,14946.55,14954.4,14696.6,14709.25,0,0
2021-03-18 09:15:00+05:30,14855.5,14870.1,14479.35,14583.7,0,0
2021-03-19 09:15:00+05:30,14471.15,14787.4,14350.5,14733.55,0,0
2021-03-22 09:15:00+05:30,14736.3,14763.55,14598.25,14747.15,0,0
2021-03-23 09:15:00+05:30,14768.55,14878.4,14708.55,14807.3,0,0
2021-03-24 09:15:00+05:30,14712.45,14752.15,14535.55,14564.95,0,0
2021-03-25 09:15:00+05:30,14570.9,14570.9,14265.6,14346.4,0,0
2021-03-26 09:15:00+05:30,14506.3,14572.6,14415.35,14518.9,0,0
2021-03-30 09:15:00+05:30,14628.5,14875.3,14620.15,14855.0,0,0
2021-03-31 09:15:00+05:30,14811.85,14811.85,14670.65,14693.05,0,0
2021-04-01 09:15:00+05:30,14798.4,14882.85,14692.75,14865.95,0,0
2021-04-05 09:15:00+05:30,14837.7,14840.5,14460.15,14649.05,0,0
2021-04-06 09:15:00+05:30,14737.0,14778.35,14574.55,14700.8,0,0
2021-04-07 09:15:00+05:30,14716.45,14879.5,14652.15,14808.85,0,0
2021-04-08 09:15:00+05:30,14875.65,14982.45,14821.85,14877.5,0,0
2021-04-09 09:15:00+05:30,14882.65,14917.85,14786.15,14838.05,0,0
2021-04-12 09:15:00+05:30,14644.65,14644.65,14249.25,14349.6,0,0
2021-04-13 09:15:00+05:30,14364.9,14527.9,14277.1,14525.0,0,0
2021-04-15 09:15:00+05:30,14522.4,14596.35,14354.65,14589.4,0,0
2021-04-16 09:15:00+05:30,14599.6,14696.25,14562.9,14590.45,0,0
2021-04-19 09:15:00+05:30,14306.6,14381.6,14192.3,14362.95,0,0
2021-04-20 09:15:00+05:30,14526.7,14526.7,14207.55,14279.55,0,0
2021-04-22 09:15:00+05:30,14219.15,14424.35,14153.95,14398.7,0,0
2021-04-23 09:15:00+05:30,14326.35,14460.6,14274.2,14331.25,0,0
2021-04-26 09:15:00+05:30,14449.45,14556.7,14422.65,14489.05,0,0
2021-04-27 09:15:00+05:30,14493.8,14666.55,14489.15,14657.35,0,0
2021-04-28 09:15:00+05:30,14710.5,14889.45,14698.95,14850.3,0,0
2021-04-29 09:15:00+05:30,14979.0,15043.15,14814.95,14888.6,0,0
2021-04-30 09:15:00+05:30,14747.35,14855.3,14602.35,14617.55,0,0
2021-05-03 09:15:00+05:30,14481.05,14673.3,14417.65,14644.35,0,0
2021-05-04 09:15:00+05:30,14687.25,14722.0,14462.65,14506.85,0,0
2021-05-05 09:15:00+05:30,14604.15,14636.55,14510.0,14635.0,0,0
2021-05-06 09:15:00+05:30,14668.35,14743.3,14611.85,14733.2,0,0
2021-05-07 09:15:00+05:30,14816.85,14862.6,14765.95,14810.8,0,0
2021-05-10 09:15:00+05:30,14928.25,14966.8,14893.0,14949.4,0,0
2021-05-11 09:15:00+05:30,14789.7,14899.45,14774.3,14845.5,0,0
2021-05-12 09:15:00+05:30,14823.55,14823.55,14650.1,14698.75,0,0
2021-05-14 09:15:00+05:30,14749.4,14749.4,14592.15,14683.85,0,0
2021-05-17 09:15:00+05:30,14756.25,14935.45,14726.65,14924.1,0,0
2021-05-18 09:15:00+05:30,15067.2,15137.1,15043.9,15109.4,0,0
2021-05-19 09:15:00+05:30,15058.6,15133.1,15009.6,15019.2,0,0
2021-05-20 09:15:00+05:30,15042.6,15068.5,14885.15,14920.05,0,0
2021-05-21 09:15:00+05:30,14987.8,15189.2,14986.4,15183.55,0,0
2021-05-24 09:15:00+05:30,15211.35,15256.0,15146.5,15184.0,0,0
2021-05-25 09:15:00+05:30,15291.75,15291.75,15163.6,15218.15,0,0
2021-05-26 09:15:00+05:30,15257.05,15319.8,15195.5,15299.7,0,0
2021-05-27 09:15:00+05:30,15323.95,15383.35,15273.35,15370.15,0,0
2021-05-28 09:15:00+05:30,15421.2,15469.15,15395.4,15455.3,0,0
2021-05-31 09:15:00+05:30,15437.75,15604.4,15374.9,15576.0,0,0
2021-06-01 09:15:00+05:30,15629.65,15660.25,15528.35,15568.05,0,0
2021-06-02 09:15:00+05:30,15520.35,15597.15,15460.0,15590.0,0,0
2021-06-03 09:15:00+05:30,15655.55,15703.55,15611.55,15688.9,0,0
2021-06-04 09:15:00+05:30,15712.5,15733.35,15622.5,15670.65,0,0
2021-06-07 09:15:00+05:30,15725.1,15773.0,15679.45,15747.0,0,0
2021-06-08 09:15:00+05:30,15773.9,15775.55,15680.55,15741.85,0,0
2021-06-09 09:15:00+05:30,15766.3,15800.45,15567.7,15640.25,0,0
2021-06-10 09:15:00+05:30,15692.1,15751.25,15649.85,15745.15,0,0
2021-06-11 09:15:00+05:30,15796.45,15834.95,15750.55,15805.1,0,0
2021-06-14 09:15:00+05:30,15791.4,15822.9,15607.75,15809.7,0,0
2021-06-15 09:15:00+05:30,15866.95,15901.2,15846.85,15859.2,0,0
2021-06-16 09:15:00+05:30,15847.5,15880.45,15743.65,15755.7,0,0
2021-06-17 09:15:00+05:30,15648.3,15769.2,15617.9,15681.7,0,0
2021-06-18 09:15:00+05:30,15756.5,15756.5,15451.5,15719.85,0,0
2021-06-21 09:15:00+05:30,15525.85,15764.6,15505.9,15748.6,0,0
2021-06-22 09:15:00+05:30,15840.5,15895.45,15753.35,15765.15,0,0
2021-06-23 09:15:00+05:30,15862.8,15862.8,15674.3,15693.4,0,0
2021-06-24 09:15:00+05:30,15737.3,15821.3,15707.2,15793.7,0,0
2021-06-25 09:15:00+05:30,15839.35,15870.2,15772.55,15847.6,0,0
2021-06-28 09:15:00+05:30,15915.35,15915.35,15792.65,15825.0,0,0
2021-06-29 09:15:00+05:30,15807.5,15835.5,15724.1,15751.4,0,0
2021-06-30 09:15:00+05:30,15776.9,15838.85,15710.05,15730.65,0,0
2021-07-01 09:15:00+05:30,15755.05,15755.05,15667.65,15693.25,0,0
2021-07-02 09:15:00+05:30,15705.85,15737.4,15636.3,15729.0,0,0
2021-07-05 09:15:00+05:30,15793.4,15845.6,15763.7,15838.4,0,0
2021-07-06 09:15:00+05:30,15813.75,15913.95,15801.8,15816.4,0,0
2021-07-07 09:15:00+05:30,15819.6,15892.75,15780.55,15878.65,0,0
2021-07-08 09:15:00+05:30,15855.4,15884.95,15683.4,15728.0,0,0
2021-07-09 09:15:00+05:30,15688.25,15730.55,15633.45,15697.05,0,0
2021-07-12 09:15:00+05:30,15766.8,15788.65,15645.15,15689.5,0,0
2021-07-13 09:15:00+05:30,15794.0,15820.0,15744.8,15807.9,0,0
2021-07-14 09:15:00+05:30,15808.7,15876.95,15764.55,15845.35,0,0
2021-07-15 09:15:00+05:30,15872.15,15952.15,15858.45,15920.7,0,0
2021-07-16 09:15:00+05:30,15958.35,15961.3,15883.25,15923.6,0,0
2021-07-19 09:15:00+05:30,15754.5,15836.8,15707.65,15757.9,0,0
2021-07-20 09:15:00+05:30,15703.95,15725.35,15578.6,15624.5,0,0
2021-07-22 09:15:00+05:30,15736.6,15834.25,15729.25,15827.7,0,0
2021-07-23 09:15:00+05:30,15856.8,15899.5,15769.0,15850.8,0,0
2021-07-26 09:15:00+05:30,15849.3,15893.35,15799.4,15821.45,0,0
2021-07-27 09:15:00+05:30,15860.5,15881.3,15702.0,15747.2,0,0
2021-07-28 09:15:00+05:30,15761.55,15761.55,15514.65,15714.65,0,0
2021-07-29 09:15:00+05:30,15762.7,15816.85,15738.65,15784.85,0,0
2021-07-30 09:15:00+05:30,15800.6,15862.35,15745.85,15773.65,0,0
2021-08-02 09:15:00+05:30,15874.9,15892.5,15838.7,15887.5,0,0
2021-08-03 09:15:00+05:30,15951.55,16146.6,15915.9,16123.4,0,0
2021-08-04 09:15:00+05:30,16195.25,16290.0,16188.55,16253.0,0,0
2021-08-05 09:15:00+05:30,16288.95,16348.45,16211.2,16281.8,0,0
2021-08-06 09:15:00+05:30,16304.4,16336.4,16224.0,16254.7,0,0
2021-08-09 09:15:00+05:30,16281.35,16320.45,16179.25,16254.1,0,0
2021-08-10 09:15:00+05:30,16274.8,16359.2,16203.3,16268.3,0,0
2021-08-11 09:15:00+05:30,16327.3,16337.4,16162.8,16275.1,0,0
2021-08-12 09:15:00+05:30,16303.65,16375.0,16287.15,16361.35,0,0
2021-08-13 09:15:00+05:30,16385.7,16543.2,16385.0,16519.5,0,0
2021-08-16 09:15:00+05:30,16518.4,16588.15,16481.5,16547.05,0,0
2021-08-17 09:15:00+05:30,16545.25,16628.1,16495.8,16605.45,0,0
2021-08-18 09:15:00+05:30,16691.95,16701.25,16537.4,16550.4,0,0
2021-08-20 09:15:00+05:30,16382.5,16509.2,16377.1,16415.65,0,0
2021-08-23 09:15:00+05:30,16592.25,16592.25,16396.2,16488.3,0,0
2021-08-24 09:15:00+05:30,16561.4,16646.45,16496.0,16615.75,0,0
2021-08-25 09:15:00+05:30,16654.0,16711.55,16617.7,16635.4,0,0
2021-08-26 09:15:00+05:30,16627.95,16683.25,16603.55,16631.95,0,0
2021-08-27 09:15:00+05:30,16642.55,16720.75,16566.95,16691.55,0,0
2021-08-30 09:15:00+05:30,16775.85,16951.3,16766.2,16938.7,0,0
2021-08-31 09:15:00+05:30,16947.5,17151.9,16916.7,17131.35,0,0
2021-09-01 09:15:00+05:30,17185.6,17224.95,17055.75,17058.75,0,0
2021-09-02 09:15:00+05:30,17095.4,17245.45,17063.6,17233.85,0,0
2021-09-03 09:15:00+05:30,17262.45,17339.5,17212.55,17320.55,0,0
2021-09-06 09:15:00+05:30,17399.35,17428.9,17345.6,17379.65,0,0
2021-09-07 09:15:00+05:30,17401.55,17436.2,17287.7,17357.45,0,0
2021-09-08 09:15:00+05:30,17375.75,17381.95,17254.5,17370.7,0,0
2021-09-09 09:15:00+05:30,17312.85,17379.3,17303.65,17358.1,0,0
2021-09-13 09:15:00+05:30,17363.55,17377.5,17269.65,17350.7,0,0
2021-09-14 09:15:00+05:30,17420.35,17438.3,17367.15,17382.0,0,0
2021-09-15 09:15:00+05:30,17387.65,17532.6,17387.65,17518.3,0,0
2021-09-16 09:15:00+05:30,17539.2,17644.1,17511.8,17627.55,0,0
2021-09-17 09:15:00+05:30,17709.65,17792.65,17537.85,17602.2,0,0
2021-09-20 09:15:00+05:30,17443.85,17622.3,17363.2,17373.75,0,0
2021-09-21 09:15:00+05:30,17450.5,17577.55,17326.5,17564.1,0,0
2021-09-22 09:15:00+05:30,17580.9,17610.3,17524.5,17548.35,0,0
2021-09-23 09:15:00+05:30,17670.85,17843.25,17647.65,17826.3,0,0
2021-09-24 09:15:00+05:30,17897.45,17947.45,17820.15,17841.55,0,0
2021-09-27 09:15:00+05:30,17932.2,17943.35,17803.05,17855.1,0,0
2021-09-28 09:15:00+05:30,17906.45,17906.45,17576.45,17733.45,0,0
2021-09-29 09:15:00+05:30,17657.95,17781.05,17608.75,17708.55,0,0
2021-09-30 09:15:00+05:30,17718.9,17741.9,17585.4,17608.65,0,0
2021-10-01 09:15:00+05:30,17531.9,17556.95,17453.15,17526.35,0,0
2021-10-04 09:15:00+05:30,17615.55,17750.1,17584.9,17700.5,0,0
2021-10-05 09:15:00+05:30,17661.35,17833.05,17643.3,17829.3,0,0
2021-10-06 09:15:00+05:30,17861.5,17884.5,17614.85,17626.45,0,0
2021-10-07 09:15:00+05:30,17810.55,17857.5,17766.05,17797.15,0,0
2021-10-08 09:15:00+05:30,17886.85,17941.5,17840.5,17907.5,0,0
2021-10-11 09:15:00+05:30,17867.55,18041.2,17843.9,17953.7,0,0
2021-10-12 09:15:00+05:30,17915.8,18005.55,17865.6,18005.35,0,0
2021-10-13 09:15:00+05:30,18097.85,18197.7,18053.9,18165.75,0,0
2021-10-14 09:15:00+05:30,18272.85,18349.25,18249.15,18339.05,0,0
2021-10-18 09:15:00+05:30,18500.1,18542.65,18447.0,18476.25,0,0
2021-10-19 09:15:00+05:30,18602.35,18602.35,18378.15,18427.25,0,0
2021-10-20 09:15:00+05:30,18439.9,18456.9,18209.8,18282.75,0,0
2021-10-21 09:15:00+05:30,18382.7,18382.7,18048.75,18219.6,0,0
2021-10-22 09:15:00+05:30,18230.7,18313.35,18035.05,18111.5,0,0
2021-10-25 09:15:00+05:30,18229.5,18236.65,17970.3,18136.5,0,0
2021-10-26 09:15:00+05:30,18154.5,18308.95,18100.3,18308.95,0,0
2021-10-27 09:15:00+05:30,18295.85,18340.75,18168.1,18181.5,0,0
2021-10-28 09:15:00+05:30,18187.65,18187.65,17800.8,17862.9,0,0
2021-10-29 09:15:00+05:30,17833.05,17915.3,17615.3,17708.8,0,0
2021-11-01 09:15:00+05:30,17783.15,17952.9,17699.0,17945.25,0,0
2021-11-02 09:15:00+05:30,17970.9,18010.85,17848.3,17889.15,0,0
2021-11-03 09:15:00+05:30,17947.95,17987.9,17758.25,17833.0,0,0
2021-11-08 09:15:00+05:30,18040.2,18087.4,17836.4,18080.7,0,0
2021-11-09 09:15:00+05:30,18084.35,18112.1,17983.1,18050.85,0,0
2021-11-10 09:15:00+05:30,17973.45,18060.95,17915.1,18010.1,0,0
2021-11-11 09:15:00+05:30,17967.45,17967.45,17799.5,17885.65,0,0
2021-11-12 09:15:00+05:30,17977.6,18122.5,17906.0,18098.65,0,0
2021-11-15 09:15:00+05:30,18140.95,18209.6,18071.6,18092.0,0,0
2021-11-16 09:15:00+05:30,18127.05,18131.95,17959.15,17964.35,0,0
2021-11-17 09:15:00+05:30,17939.35,18022.3,17879.95,17887.2,0,0
2021-11-18 09:15:00+05:30,17890.55,17945.35,17688.85,17745.25,0,0
2021-11-22 09:15:00+05:30,17796.25,17796.25,17281.95,17440.0,0,0
2021-11-23 09:15:00+05:30,17281.75,17553.2,17216.8,17495.1,0,0
2021-11-24 09:15:00+05:30,17550.05,17600.35,17355.65,17357.1,0,0
2021-11-25 09:15:00+05:30,17417.3,17563.85,17352.35,17547.0,0,0
2021-11-26 09:15:00+05:30,17338.75,17344.95,16987.15,17006.55,0,0
2021-11-29 09:15:00+05:30,17055.8,17160.1,16783.95,17039.7,0,0
2021-11-30 09:15:00+05:30,17051.15,17324.45,16934.05,16975.15,0,0
2021-12-01 09:15:00+05:30,17104.4,17212.55,17064.75,17185.95,0,0
2021-12-02 09:15:00+05:30,17183.2,17417.75,17158.3,17401.5,0,0
2021-12-03 09:15:00+05:30,17424.9,17488.3,17181.1,17210.3,0,0
2021-12-06 09:15:00+05:30,17209.05,17210.85,16893.6,16909.3,0,0
2021-12-07 09:15:00+05:30,17044.1,17251.25,16988.75,17180.5,0,0
2021-12-08 09:15:00+05:30,17315.25,17484.5,17312.55,17467.85,0,0
2021-12-09 09:15:00+05:30,17524.4,17539.8,17380.1,17502.65,0,0
2021-12-10 09:15:00+05:30,17476.05,17534.05,17405.55,17499.2,0,0
2021-12-13 09:15:00+05:30,17619.1,17638.85,17356.1,17384.5,0,0
2021-12-14 09:15:00+05:30,17283.2,17375.7,17226.15,17319.5,0,0
2021-12-15 09:15:00+05:30,17323.65,17350.5,17193.25,17208.3,0,0
2021-12-16 09:15:00+05:30,17373.0,17374.6,17185.35,17285.6,0,0
2021-12-17 09:15:00+05:30,17276.0,17292.45,16966.75,16994.05,0,0
2021-12-20 09:15:00+05:30,16824.25,16828.5,16410.4,16613.0,0,0
2021-12-21 09:15:00+05:30,16773.15,16936.35,16688.65,16786.9,0,0
2021-12-22 09:15:00+05:30,16865.55,16970.6,16819.7,16968.1,0,0
2021-12-23 09:15:00+05:30,17066.8,17117.95,17016.4,17051.35,0,0
2021-12-24 09:15:00+05:30,17149.5,17151.45,16910.2,16999.9,0,0
2021-12-27 09:15:00+05:30,16937.75,17111.55,16833.7,17101.95,0,0
2021-12-28 09:15:00+05:30,17177.6,17249.4,17161.2,17233.35,0,0
2021-12-29 09:15:00+05:30,17220.1,17285.75,17176.95,17189.55,0,0
2021-12-30 09:15:00+05:30,17201.45,17264.0,17148.8,17228.95,0,0
2021-12-31 09:15:00+05:30,17244.5,17400.55,17244.5,17364.25,0,0
2022-01-03 09:15:00+05:30,17387.15,17646.1,17387.15,17635.35,0,0
2022-01-04 09:15:00+05:30,17681.4,17827.3,17594.25,17807.35,0,0
2022-01-05 09:15:00+05:30,17820.1,17944.2,17750.1,17907.7,0,0
2022-01-06 09:15:00+05:30,17768.5,17795.8,17655.9,17746.0,0,0
2022-01-07 09:15:00+05:30,17797.6,17904.65,17705.05,17818.2,0,0
2022-01-10 09:15:00+05:30,17913.3,18016.8,17879.8,18005.45,0,0
2022-01-11 09:15:00+05:30,17997.75,18080.95,17964.9,18059.0,0,0
2022-01-12 09:15:00+05:30,18170.4,18227.35,18129.95,18197.6,0,0
2022-01-13 09:15:00+05:30,18257.0,18271.55,18164.15,18258.55,0,0
2022-01-14 09:15:00+05:30,18185.0,18286.6,18120.95,18235.5,0,0
2022-01-17 09:15:00+05:30,18235.65,18321.05,18234.05,18309.7,0,0
2022-01-18 09:15:00+05:30,18337.2,18350.6,18087.45,18113.8,0,0
2022-01-19 09:15:00+05:30,18129.2,18129.2,17885.3,17941.45,0,0
2022-01-20 09:15:00+05:30,17921.0,17934.3,17648.85,17782.95,0,0
2022-01-21 09:15:00+05:30,17613.7,17707.25,17487.2,17650.45,0,0
2022-01-24 09:15:00+05:30,17575.15,17598.35,16998.45,17112.45,0,0
2022-01-25 09:15:00+05:30,17001.55,17308.9,16837.85,17267.3,0,0
2022-01-27 09:15:00+05:30,17062.0,17182.1,16867.05,17149.3,0,0
2022-01-28 09:15:00+05:30,17208.3,17373.0,17077.75,17106.35,0,0
2022-01-31 09:15:00+05:30,17301.05,17409.9,17264.35,17338.3,0,0
2022-02-01 09:15:00+05:30,17529.45,17622.0,17245.45,17604.65,0,0
2022-02-02 09:15:00+05:30,17706.2,17793.75,17675.7,17791.6,0,0
2022-02-03 09:15:00+05:30,17767.75,17774.4,17512.95,17520.25,0,0
2022-02-04 09:15:00+05:30,17590.2,17617.3,17463.9,17503.0,0,0
2022-02-07 09:15:00+05:30,17456.3,17535.95,17120.35,17210.0,0,0
2022-02-08 09:15:00+05:30,17279.85,17304.65,17043.65,17240.35,0,0
2022-02-09 09:15:00+05:30,17370.1,17476.4,17342.3,17471.6,0,0
2022-02-10 09:15:00+05:30,17554.1,17639.25,17427.2,17586.95,0,0
2022-02-11 09:15:00+05:30,17451.0,17451.0,17303.2,17345.55,0,0
2022-02-14 09:15:00+05:30,17076.15,17082.75,16810.0,16819.7,0,0
2022-02-15 09:15:00+05:30,16933.25,17374.5,16840.4,17351.85,0,0
2022-02-16 09:15:00+05:30,17408.45,17489.9,17258.6,17293.05,0,0
2022-02-17 09:15:00+05:30,17396.55,17442.55,17236.3,17280.15,0,0
2022-02-18 09:15:00+05:30,17236.05,17379.95,17220.2,17268.75,0,0
2022-02-21 09:15:00+05:30,17192.25,17350.8,17071.0,17205.75,0,0
2022-02-22 09:15:00+05:30,16847.95,17148.5,16847.95,17080.6,0,0
2022-02-23 09:15:00+05:30,17194.5,17220.65,17027.9,17054.7,0,0
2022-02-24 09:15:00+05:30,16548.9,16702.3,16204.4,16217.75,0,0
2022-02-25 09:15:00+05:30,16515.65,16748.2,16488.95,16668.8,0,0
2022-02-28 09:15:00+05:30,16481.6,16814.75,16356.55,16789.45,0,0
2022-03-02 09:15:00+05:30,16593.1,16677.75,16479.15,16625.85,0,0
2022-03-03 09:15:00+05:30,16723.2,16767.95,16443.6,16508.75,0,0
2022-03-04 09:15:00+05:30,16339.45,16455.55,16134.1,16243.55,0,0
2022-03-07 09:15:00+05:30,15867.95,16174.45,15713.7,15881.05,0,0
2022-03-08 09:15:00+05:30,15747.75,16027.9,15671.65,16014.65,0,0
2022-03-09 09:15:00+05:30,16078.0,16417.45,15992.75,16366.9,0,0
2022-03-10 09:15:00+05:30,16757.1,16757.1,16448.1,16566.3,0,0
2022-03-11 09:15:00+05:30,16528.8,16694.0,16472.55,16620.5,0,0
2022-03-14 09:15:00+05:30,16633.7,16887.9,16607.95,16886.4,0,0
2022-03-15 09:15:00+05:30,16900.65,16926.85,16555.7,16645.0,0,0
2022-03-16 09:15:00+05:30,16876.65,16987.6,16840.55,16966.35,0,0
2022-03-17 09:15:00+05:30,17202.9,17344.6,17176.05,17299.4,0,0
2022-03-21 09:15:00+05:30,17329.5,17352.1,17097.35,17113.85,0,0
2022-03-22 09:15:00+05:30,17120.4,17332.2,17006.4,17329.8,0,0
2022-03-23 09:15:00+05:30,17405.05,17441.7,17200.8,17223.55,0,0
2022-03-24 09:15:00+05:30,17094.95,17291.45,17094.55,17197.3,0,0
2022-03-25 09:15:00+05:30,17289.0,17289.85,17077.05,17177.95,0,0
2022-03-28 09:15:00+05:30,17181.85,17234.4,17004.1,17214.7,0,0
2022-03-29 09:15:00+05:30,17297.2,17342.15,17236.3,17335.75,0,0
2022-03-30 09:15:00+05:30,17468.15,17522.15,17387.95,17471.6,0,0
2022-03-31 09:15:00+05:30,17519.2,17558.9,17435.6,17468.75,0,0
2022-04-01 09:15:00+05:30,17436.9,17702.5,17431.7,17688.35,0,0
2022-04-04 09:15:00+05:30,17809.1,18087.25,17796.25,18036.05,0,0
2022-04-05 09:15:00+05:30,18080.6,18095.15,17922.6,17930.75,0,0
2022-04-06 09:15:00+05:30,17842.75,17900.3,17780.2,17799.3,0,0
2022-04-07 09:15:00+05:30,17723.3,17786.95,17624.1,17655.15,0,0
2022-04-08 09:15:00+05:30,17698.15,17842.4,17602.2,17800.3,0,0
2022-04-11 09:15:00+05:30,17740.9,17778.95,17651.15,17679.65,0,0
2022-04-12 09:15:00+05:30,17584.85,17595.15,17443.1,17519.95,0,0
2022-04-13 09:15:00+05:30,17599.9,17662.95,17457.45,17467.45,0,0
2022-04-18 09:15:00+05:30,17183.45,17237.25,17068.5,17185.8,0,0
2022-04-19 09:15:00+05:30,17258.95,17273.15,16826.05,16869.15,0,0
2022-04-20 09:15:00+05:30,17045.25,17186.5,16979.1,17149.6,0,0
2022-04-21 09:15:00+05:30,17234.6,17414.35,17216.2,17400.1,0,0
2022-04-22 09:15:00+05:30,17242.75,17315.05,17149.75,17172.1,0,0
2022-04-25 09:15:00+05:30,17009.05,17053.95,16888.85,16983.2,0,0
2022-04-26 09:15:00+05:30,17121.3,17223.4,17065.3,17201.45,0,0
2022-04-27 09:15:00+05:30,17073.35,17109.5,16958.65,17037.65,0,0
2022-04-28 09:15:00+05:30,17189.5,17322.5,17071.2,17231.35,0,0
2022-04-29 09:15:00+05:30,17329.25,17377.3,17054.0,17111.6,0,0
2022-05-02 09:15:00+05:30,16924.45,17091.85,16919.4,17064.7,0,0
2022-05-04 09:15:00+05:30,17096.6,17129.25,16624.7,16694.7,0,0
2022-05-05 09:15:00+05:30,16854.75,16944.4,16652.8,16669.2,0,0
2022-05-06 09:15:00+05:30,16415.55,16483.95,16342.45,16438.25,0,0
2022-05-09 09:15:00+05:30,16227.7,16403.15,16142.65,16308.4,0,0
2022-05-10 09:15:00+05:30,16248.9,16404.45,16198.55,16207.75,0,0
2022-05-11 09:15:00+05:30,16270.05,16316.7,15993.0,16202.25,0,0
2022-05-12 09:15:00+05:30,16021.1,16035.2,15737.35,15826.45,0,0
2022-05-13 09:15:00+05:30,15977.0,16083.2,15741.05,15767.15,0,0
2022-05-16 09:15:00+05:30,15845.1,15977.25,15741.35,15864.5,0,0
2022-05-17 09:15:00+05:30,15912.6,16282.6,15908.4,16282.6,0,0
2022-05-18 09:15:00+05:30,16318.15,16399.55,16211.8,16256.45,0,0
2022-05-19 09:15:00+05:30,15917.4,15983.45,15776.35,15828.45,0,0
2022-05-20 09:15:00+05:30,16043.8,16282.4,16004.85,16278.7,0,0
2022-05-23 09:15:00+05:30,16290.95,16414.35,16187.45,16191.65,0,0
2022-05-24 09:15:00+05:30,16225.55,16261.7,16079.1,16139.5,0,0
2022-05-25 09:15:00+05:30,16196.35,16222.95,16007.25,16037.8,0,0
2022-05-26 09:15:00+05:30,16105.0,16203.4,15904.15,16201.55,0,0
2022-05-27 09:15:00+05:30,16296.6,16370.45,16223.95,16356.1,0,0
2022-05-30 09:15:00+05:30,16527.9,16695.2,16515.5,16668.2,0,0
2022-05-31 09:15:00+05:30,16578.45,16690.65,16522.2,16578.25,0,0
2022-06-01 09:15:00+05:30,16594.4,16648.5,16439.05,16540.8,0,0
2022-06-02 09:15:00+05:30,16481.65,16645.75,16445.2,16637.4,0,0
2022-06-03 09:15:00+05:30,16761.65,16793.25,16568.5,16583.6,0,0
2022-06-06 09:15:00+05:30,16530.7,16610.85,16445.65,16563.65,0,0
2022-06-07 09:15:00+05:30,16469.6,16473.7,16347.8,16404.45,0,0
2022-06-08 09:15:00+05:30,16474.95,16513.45,16294.25,16335.4,0,0
2022-06-09 09:15:00+05:30,16263.85,16492.5,16246.1,16481.8,0,0
2022-06-10 09:15:00+05:30,16283.95,16324.4,16173.25,16191.45,0,0
2022-06-13 09:15:00+05:30,15877.55,15881.1,15684.4,15800.95,0,0
2022-06-14 09:15:00+05:30,15674.25,15857.85,15660.95,15741.95,0,0
2022-06-15 09:15:00+05:30,15729.25,15783.45,15679.7,15682.9,0,0
2022-06-16 09:15:00+05:30,15832.25,15862.25,15335.8,15348.2,0,0
2022-06-17 09:15:00+05:30,15272.65,15399.05,15185.55,15330.75,0,0
2022-06-20 09:15:00+05:30,15334.5,15382.0,15192.5,15368.9,0,0
2022-06-21 09:15:00+05:30,15455.95,15707.25,15420.4,15634.15,0,0
2022-06-22 09:15:00+05:30,15545.65,15558.05,15386.4,15401.1,0,0
2022-06-23 09:15:00+05:30,15451.55,15628.25,15368.45,15577.55,0,0
2022-06-24 09:15:00+05:30,15657.4,15747.4,15619.8,15698.95,0,0
2022-06-27 09:15:00+05:30,15926.2,15926.5,15816.25,15836.1,0,0
2022-06-28 09:15:00+05:30,15757.45,15887.75,15710.45,15883.0,0,0
2022-06-29 09:15:00+05:30,15701.7,15861.3,15689.1,15783.35,0,0
2022-06-30 09:15:00+05:30,15774.5,15889.65,15732.05,15735.9,0,0
2022-07-01 09:15:00+05:30,15703.7,15791.7,15511.85,15764.0,0,0
2022-07-04 09:15:00+05:30,15710.5,15852.3,15662.5,15829.15,0,0
2022-07-05 09:15:00+05:30,15909.15,16025.75,15785.7,15799.95,0,0
2022-07-06 09:15:00+05:30,15818.2,16010.8,15801.5,16007.85,0,0
2022-07-07 09:15:00+05:30,16113.75,16150.05,16047.05,16136.85,0,0
2022-07-08 09:15:00+05:30,16273.65,16273.65,16157.9,16217.5,0,0
2022-07-11 09:15:00+05:30,16136.15,16248.4,16115.65,16199.05,0,0
2022-07-12 09:15:00+05:30,16126.2,16158.65,16032.25,16037.75,0,0
2022-07-13 09:15:00+05:30,16128.2,16139.85,15950.55,15975.75,0,0
2022-07-14 09:15:00+05:30,16018.85,16070.5,15859.2,15947.95,0,0
2022-07-15 09:15:00+05:30,16010.8,16066.45,15927.45,16052.85,0,0
2022-07-18 09:15:00+05:30,16151.4,16286.8,16146.65,16281.4,0,0
2022-07-19 09:15:00+05:30,16187.05,16359.15,16187.05,16329.3,0,0
2022-07-20 09:15:00+05:30,16562.8,16588.0,16491.15,16495.8,0,0
2022-07-21 09:15:00+05:30,16523.55,16624.15,16485.85,16609.8,0,0
2022-07-22 09:15:00+05:30,16661.25,16752.25,16611.0,16714.3,0,0
2022-07-25 09:15:00+05:30,16662.55,16704.95,16564.5,16610.05,0,0
2022-07-26 09:15:00+05:30,16632.9,16634.75,16463.55,16466.55,0,0
2022-07-27 09:15:00+05:30,16475.35,16652.55,16439.7,16642.75,0,0
2022-07-28 09:15:00+05:30,16774.85,16943.6,16748.3,16922.05,0,0
2022-07-29 09:15:00+05:30,17079.5,17172.2,17018.35,17157.95,0,0
2022-08-01 09:15:00+05:30,17243.2,17355.65,17156.3,17332.3,0,0
2022-08-02 09:15:00+05:30,17310.15,17389.7,17217.4,17294.85,0,0
2022-08-03 09:15:00+05:30,17349.25,17406.4,17226.0,17392.9,0,0
2022-08-04 09:15:00+05:30,17463.1,17489.25,17161.8,17364.0,0,0
2022-08-05 09:15:00+05:30,17423.65,17474.1,17349.6,17389.05,0,0
2022-08-08 09:15:00+05:30,17401.5,17548.7,17361.0,17527.85,0,0
2022-08-10 09:15:00+05:30,17566.1,17566.1,17443.55,17523.75,0,0
2022-08-11 09:15:00+05:30,17711.65,17716.65,17632.35,17638.65,0,0
2022-08-12 09:15:00+05:30,17659.65,17724.25,17598.15,17698.65,0,0
2022-08-16 09:15:00+05:30,17797.2,17838.75,17764.6,17828.3,0,0
2022-08-17 09:15:00+05:30,17868.15,17965.4,17834.6,17930.95,0,0
2022-08-18 09:15:00+05:30,17898.65,17967.55,17852.5,17964.45,0,0
2022-08-19 09:15:00+05:30,17966.55,17989.15,17711.15,17726.95,0,0
2022-08-22 09:15:00+05:30,17682.9,17687.55,17468.1,17494.35,0,0
2022-08-23 09:15:00+05:30,17357.35,17624.5,17346.95,17623.35,0,0
2022-08-24 09:15:00+05:30,17525.45,17622.15,17499.9,17607.55,0,0
2022-08-25 09:15:00+05:30,17679.0,17726.4,17488.6,17508.2,0,0
2022-08-26 09:15:00+05:30,17619.3,17685.2,17520.15,17582.9,0,0
2022-08-29 09:15:00+05:30,17188.65,17379.6,17168.25,17339.1,0,0
2022-08-30 09:15:00+05:30,17414.95,17776.85,17409.7,17744.2,0,0
2022-09-01 09:15:00+05:30,17485.7,17695.5,17469.0,17563.25,0,0
2022-09-02 09:15:00+05:30,17598.4,17643.0,17477.1,17527.85,0,0
2022-09-05 09:15:00+05:30,17546.45,17682.95,17546.45,17653.9,0,0
2022-09-06 09:15:00+05:30,17695.7,17764.0,17587.95,17651.6,0,0
2022-09-07 09:15:00+05:30,17519.4,17650.7,17519.4,17629.5,0,0
2022-09-08 09:15:00+05:30,17748.15,17806.95,17692.9,17800.1,0,0
2022-09-09 09:15:00+05:30,17923.35,17925.3,17786.15,17829.3,0,0
2022-09-12 09:15:00+05:30,17890.85,17980.2,17890.85,17931.6,0,0
2022-09-13 09:15:00+05:30,18044.45,18087.95,18016.05,18066.5,0,0
2022-09-14 09:15:00+05:30,17771.15,18090.65,17771.15,18000.65,0,0
2022-09-15 09:15:00+05:30,18046.35,18095.4,17861.95,17872.3,0,0
2022-09-16 09:15:00+05:30,17796.8,17815.8,17498.7,17550.1,0,0
2022-09-19 09:15:00+05:30,17540.65,17665.95,17431.0,17631.85,0,0
2022-09-20 09:15:00+05:30,17770.4,17918.45,17761.95,17791.25,0,0
2022-09-21 09:15:00+05:30,17766.35,17838.7,17663.7,17715.9,0,0
2022-09-22 09:15:00+05:30,17609.65,17722.65,17532.7,17635.95,0,0
2022-09-23 09:15:00+05:30,17593.85,17640.45,17293.0,17332.25,0,0
2022-09-26 09:15:00+05:30,17156.3,17195.75,16979.1,17027.85,0,0
2022-09-27 09:15:00+05:30,17110.9,17175.6,16943.3,17043.45,0,0
2022-09-28 09:15:00+05:30,16870.55,17037.55,16820.9,16826.15,0,0
2022-09-29 09:15:00+05:30,16993.6,17025.85,16788.95,16842.9,0,0
2022-09-30 09:15:00+05:30,16798.05,17186.8,16748.7,17107.2,0,0
2022-10-03 09:15:00+05:30,17102.1,17113.15,16855.6,16876.0,0,0
2022-10-04 09:15:00+05:30,17147.45,17284.45,17126.85,17277.45,0,0
2022-10-06 09:15:00+05:30,17379.25,17428.3,17317.0,17317.0,0,0
2022-10-07 09:15:00+05:30,17287.2,17336.95,17217.5,17316.15,0,0
2022-10-10 09:15:00+05:30,17094.35,17279.9,17065.8,17252.45,0,0
2022-10-11 09:15:00+05:30,17256.05,17256.05,16950.65,16964.15,0,0
2022-10-12 09:15:00+05:30,17025.55,17141.65,16960.5,17129.05,0,0
2022-10-13 09:15:00+05:30,17087.35,17111.0,16957.65,17017.8,0,0
2022-10-14 09:15:00+05:30,17322.3,17347.65,17170.1,17200.35,0,0
2022-10-17 09:15:00+05:30,17144.8,17328.2,17098.95,17320.55,0,0
2022-10-18 09:15:00+05:30,17438.75,17527.4,17438.75,17490.6,0,0
2022-10-19 09:15:00+05:30,17568.15,17607.15,17472.9,17518.85,0,0
2022-10-20 09:15:00+05:30,17423.1,17584.1,17421.5,17565.25,0,0
2022-10-21 09:15:00+05:30,17622.85,17669.75,17521.25,17583.75,0,0
2022-10-25 09:15:00+05:30,17808.3,17808.3,17639.5,17642.65,0,0
2022-10-27 09:15:00+05:30,17771.4,17783.0,17654.7,17758.9,0,0
2022-10-28 09:15:00+05:30,17756.4,17838.6,17724.0,17795.95,0,0
2022-10-31 09:15:00+05:30,17910.2,18022.7,17901.2,18015.7,0,0
2022-11-01 09:15:00+05:30,18130.7,18175.4,18060.9,18142.75,0,0
2022-11-02 09:15:00+05:30,18177.9,18177.9,18049.95,18072.1,0,0
2022-11-03 09:15:00+05:30,17968.35,18105.7,17964.6,18048.05,0,0
2022-11-04 09:15:00+05:30,18053.4,18134.2,18017.5,18127.9,0,0
2022-11-07 09:15:00+05:30,18211.75,18254.35,18064.9,18203.35,0,0
2022-11-09 09:15:00+05:30,18288.25,18288.25,18118.65,18121.05,0,0
2022-11-10 09:15:00+05:30,18044.35,18102.95,17969.6,18036.8,0,0
2022-11-11 09:15:00+05:30,18272.35,18360.75,18260.25,18355.3,0,0
2022-11-14 09:15:00+05:30,18376.4,18399.0,18311.8,18320.25,0,0
2022-11-15 09:15:00+05:30,18362.75,18426.55,18282.25,18421.55,0,0
2022-11-16 09:15:00+05:30,18398.25,18441.65,18344.5,18401.35,0,0
2022-11-17 09:15:00+05:30,18358.7,18417.2,18313.05,18333.95,0,0
2022-11-18 09:15:00+05:30,18382.95,18393.8,18210.4,18304.35,0,0
2022-11-21 09:15:00+05:30,18246.4,18253.15,18133.9,18157.95,0,0
2022-11-22 09:15:00+05:30,18179.15,18257.4,18138.5,18251.5,0,0
2022-11-23 09:15:00+05:30,18325.2,18325.2,18248.25,18254.1,0,0
2022-11-24 09:15:00+05:30,18326.1,18527.45,18294.45,18510.85,0,0
2022-11-25 09:15:00+05:30,18528.45,18534.7,18445.5,18498.4,0,0
2022-11-28 09:15:00+05:30,18430.55,18614.1,18430.55,18553.4,0,0
2022-11-29 09:15:00+05:30,18552.45,18677.7,18552.45,18603.6,0,0
2022-11-30 09:15:00+05:30,18625.7,18810.95,18617.3,18776.95,0,0
2022-12-01 09:15:00+05:30,18871.95,18886.6,18778.5,18800.95,0,0
2022-12-02 09:15:00+05:30,18752.4,18778.55,18639.6,18705.2,0,0
2022-12-05 09:15:00+05:30,18719.55,18723.85,18591.95,18694.05,0,0
2022-12-06 09:15:00+05:30,18600.65,18654.2,18579.2,18647.8,0,0
2022-12-07 09:15:00+05:30,18638.85,18668.05,18529.1,18550.75,0,0
2022-12-08 09:15:00+05:30,18570.85,18624.55,18537.2,18614.4,0,0
2022-12-09 09:15:00+05:30,18662.4,18662.4,18411.15,18493.25,0,0
2022-12-12 09:15:00+05:30,18402.15,18521.0,18347.05,18494.7,0,0
2022-12-13 09:15:00+05:30,18524.4,18617.1,18491.7,18596.75,0,0
2022-12-14 09:15:00+05:30,18671.25,18695.85,18633.2,18643.0,0,0
2022-12-15 09:15:00+05:30,18614.4,18651.45,18388.4,18399.75,0,0
2022-12-16 09:15:00+05:30,18319.1,18440.5,18255.7,18270.1,0,0
2022-12-19 09:15:00+05:30,18288.1,18431.25,18244.65,18426.2,0,0
2022-12-20 09:15:00+05:30,18340.3,18404.65,18203.2,18385.85,0,0
2022-12-21 09:15:00+05:30,18435.15,18472.5,18164.0,18207.55,0,0
2022-12-22 09:15:00+05:30,18288.8,18317.05,18068.95,18114.7,0,0
2022-12-23 09:15:00+05:30,17977.65,18045.8,17780.45,17824.1,0,0
2022-12-26 09:15:00+05:30,17830.4,18083.5,17775.55,18009.6,0,0
2022-12-27 09:15:00+05:30,18089.8,18148.6,17967.5,18136.0,0,0
2022-12-28 09:15:00+05:30,18084.75,18173.05,18071.5,18106.9,0,0
2022-12-29 09:15:00+05:30,18045.7,18210.85,17992.9,18210.4,0,0
2022-12-30 09:15:00+05:30,18259.1,18264.6,18080.9,18117.05,0,0
2023-01-02 09:15:00+05:30,18131.7,18215.1,18087.55,18207.1,0,0
2023-01-03 09:15:00+05:30,18163.2,18251.85,18149.95,18234.3,0,0
2023-01-04 09:15:00+05:30,18230.65,18241.2,18022.6,18036.85,0,0
2023-01-05 09:15:00+05:30,18101.95,18119.05,17892.6,17999.8,0,0
2023-01-06 09:15:00+05:30,18008.05,18046.6,17796.15,17865.85,0,0
2023-01-09 09:15:00+05:30,17952.55,18141.0,17936.7,18088.75,0,0
2023-01-10 09:15:00+05:30,18121.3,18122.9,17857.25,17925.35,0,0
2023-01-11 09:15:00+05:30,17924.25,17975.4,17825.35,17888.4,0,0
2023-01-12 09:15:00+05:30,17920.85,17944.8,17762.25,17866.0,0,0
2023-01-13 09:15:00+05:30,17867.5,17998.95,17774.55,17950.5,0,0
2023-01-16 09:15:00+05:30,18033.15,18049.65,17854.15,17891.7,0,0
2023-01-17 09:15:00+05:30,17922.8,18070.5,17888.2,18056.8,0,0
2023-01-18 09:15:00+05:30,18074.3,18183.2,18032.6,18163.8,0,0
2023-01-19 09:15:00+05:30,18119.8,18155.1,18064.3,18089.05,0,0
2023-01-20 09:15:00+05:30,18115.6,18144.65,18017.45,18027.3,0,0
2023-01-23 09:15:00+05:30,18118.45,18161.7,18064.75,18104.95,0,0
2023-01-24 09:15:00+05:30,18183.95,18200.75,18079.15,18101.15,0,0
2023-01-25 09:15:00+05:30,18093.35,18093.35,17846.6,17910.05,0,0
